Trial,Bird,Brain Region,Stimuli,Count
Spike 1,obla1305_7,OV,conspecific,1211
Spike 2,obla1305_7,OV,conspecific,1368
Spike 3,obla1305_7,OV,conspecific,1465
Spike 4,obla1305_7,OV,conspecific,1590
Spike 5,obla1305_7,OV,conspecific,1257
Spike 6,obla1305_7,OV,conspecific,2064
Spike 7,obla1305_7,OV,conspecific,2106
Spike 8,obla1305_7,OV,conspecific,1823
Spike 9,obla1305_7,OV,conspecific,1622
Spike 10,obla1305_7,OV,conspecific,1558
Spike 11,obla1305_7,OV,conspecific,1983
Spike 12,obla1305_7,OV,conspecific,1204
Spike 13,obla1305_7,OV,conspecific,1749
Spike 14,obla1305_7,OV,conspecific,1477
Spike 15,obla1305_7,OV,conspecific,1799
Spike 16,obla1305_7,OV,conspecific,1397
Spike 17,obla1305_7,OV,conspecific,1388
Spike 18,obla1305_7,OV,conspecific,1965
Spike 19,obla1305_7,OV,conspecific,1715
Spike 20,obla1305_7,OV,conspecific,1603
Spike 1,obla1305_7,OV,flatrip,1872
Spike 2,obla1305_7,OV,flatrip,1844
Spike 3,obla1305_7,OV,flatrip,1563
Spike 4,obla1305_7,OV,flatrip,1652
Spike 5,obla1305_7,OV,flatrip,1839
Spike 6,obla1305_7,OV,flatrip,1438
Spike 7,obla1305_7,OV,flatrip,1444
Spike 8,obla1305_7,OV,flatrip,1778
Spike 9,obla1305_7,OV,flatrip,1743
Spike 10,obla1305_7,OV,flatrip,1451
Spike 1,obla1305_8,OV,conspecific,347
Spike 2,obla1305_8,OV,conspecific,304
Spike 3,obla1305_8,OV,conspecific,361
Spike 4,obla1305_8,OV,conspecific,285
Spike 5,obla1305_8,OV,conspecific,318
Spike 6,obla1305_8,OV,conspecific,461
Spike 7,obla1305_8,OV,conspecific,435
Spike 8,obla1305_8,OV,conspecific,492
Spike 9,obla1305_8,OV,conspecific,420
Spike 10,obla1305_8,OV,conspecific,246
Spike 11,obla1305_8,OV,conspecific,485
Spike 12,obla1305_8,OV,conspecific,390
Spike 13,obla1305_8,OV,conspecific,406
Spike 14,obla1305_8,OV,conspecific,357
Spike 15,obla1305_8,OV,conspecific,311
Spike 16,obla1305_8,OV,conspecific,367
Spike 17,obla1305_8,OV,conspecific,316
Spike 18,obla1305_8,OV,conspecific,416
Spike 19,obla1305_8,OV,conspecific,445
Spike 20,obla1305_8,OV,conspecific,466
Spike 1,obla1305_8,OV,flatrip,692
Spike 2,obla1305_8,OV,flatrip,642
Spike 3,obla1305_8,OV,flatrip,477
Spike 4,obla1305_8,OV,flatrip,540
Spike 5,obla1305_8,OV,flatrip,551
Spike 6,obla1305_8,OV,flatrip,390
Spike 7,obla1305_8,OV,flatrip,398
Spike 8,obla1305_8,OV,flatrip,549
Spike 9,obla1305_8,OV,flatrip,511
Spike 10,obla1305_8,OV,flatrip,357
Spike 1,obla1305_5,OV,conspecific,515
Spike 2,obla1305_5,OV,conspecific,452
Spike 3,obla1305_5,OV,conspecific,582
Spike 4,obla1305_5,OV,conspecific,651
Spike 5,obla1305_5,OV,conspecific,456
Spike 6,obla1305_5,OV,conspecific,919
Spike 7,obla1305_5,OV,conspecific,741
Spike 8,obla1305_5,OV,conspecific,692
Spike 9,obla1305_5,OV,conspecific,609
Spike 10,obla1305_5,OV,conspecific,463
Spike 11,obla1305_5,OV,conspecific,743
Spike 12,obla1305_5,OV,conspecific,452
Spike 13,obla1305_5,OV,conspecific,568
Spike 14,obla1305_5,OV,conspecific,682
Spike 15,obla1305_5,OV,conspecific,677
Spike 16,obla1305_5,OV,conspecific,646
Spike 17,obla1305_5,OV,conspecific,499
Spike 18,obla1305_5,OV,conspecific,650
Spike 19,obla1305_5,OV,conspecific,689
Spike 20,obla1305_5,OV,conspecific,679
Spike 1,obla1305_5,OV,flatrip,788
Spike 2,obla1305_5,OV,flatrip,693
Spike 3,obla1305_5,OV,flatrip,531
Spike 4,obla1305_5,OV,flatrip,600
Spike 5,obla1305_5,OV,flatrip,653
Spike 6,obla1305_5,OV,flatrip,507
Spike 7,obla1305_5,OV,flatrip,431
Spike 8,obla1305_5,OV,flatrip,640
Spike 9,obla1305_5,OV,flatrip,641
Spike 10,obla1305_5,OV,flatrip,457
Spike 1,obla1305_6,OV,conspecific,227
Spike 2,obla1305_6,OV,conspecific,201
Spike 3,obla1305_6,OV,conspecific,268
Spike 4,obla1305_6,OV,conspecific,295
Spike 5,obla1305_6,OV,conspecific,236
Spike 6,obla1305_6,OV,conspecific,369
Spike 7,obla1305_6,OV,conspecific,433
Spike 8,obla1305_6,OV,conspecific,381
Spike 9,obla1305_6,OV,conspecific,309
Spike 10,obla1305_6,OV,conspecific,257
Spike 11,obla1305_6,OV,conspecific,371
Spike 12,obla1305_6,OV,conspecific,199
Spike 13,obla1305_6,OV,conspecific,281
Spike 14,obla1305_6,OV,conspecific,290
Spike 15,obla1305_6,OV,conspecific,318
Spike 16,obla1305_6,OV,conspecific,282
Spike 17,obla1305_6,OV,conspecific,224
Spike 18,obla1305_6,OV,conspecific,326
Spike 19,obla1305_6,OV,conspecific,312
Spike 20,obla1305_6,OV,conspecific,326
Spike 1,obla1305_6,OV,flatrip,333
Spike 2,obla1305_6,OV,flatrip,368
Spike 3,obla1305_6,OV,flatrip,262
Spike 4,obla1305_6,OV,flatrip,294
Spike 5,obla1305_6,OV,flatrip,305
Spike 6,obla1305_6,OV,flatrip,253
Spike 7,obla1305_6,OV,flatrip,236
Spike 8,obla1305_6,OV,flatrip,359
Spike 9,obla1305_6,OV,flatrip,325
Spike 10,obla1305_6,OV,flatrip,212
Spike 1,obla1305_4,OV,conspecific,491
Spike 2,obla1305_4,OV,conspecific,404
Spike 3,obla1305_4,OV,conspecific,494
Spike 4,obla1305_4,OV,conspecific,547
Spike 5,obla1305_4,OV,conspecific,402
Spike 6,obla1305_4,OV,conspecific,760
Spike 7,obla1305_4,OV,conspecific,700
Spike 8,obla1305_4,OV,conspecific,621
Spike 9,obla1305_4,OV,conspecific,584
Spike 10,obla1305_4,OV,conspecific,478
Spike 11,obla1305_4,OV,conspecific,698
Spike 12,obla1305_4,OV,conspecific,484
Spike 13,obla1305_4,OV,conspecific,470
Spike 14,obla1305_4,OV,conspecific,593
Spike 15,obla1305_4,OV,conspecific,607
Spike 16,obla1305_4,OV,conspecific,531
Spike 17,obla1305_4,OV,conspecific,390
Spike 18,obla1305_4,OV,conspecific,573
Spike 19,obla1305_4,OV,conspecific,567
Spike 20,obla1305_4,OV,conspecific,602
Spike 1,obla1305_4,OV,flatrip,638
Spike 2,obla1305_4,OV,flatrip,645
Spike 3,obla1305_4,OV,flatrip,449
Spike 4,obla1305_4,OV,flatrip,516
Spike 5,obla1305_4,OV,flatrip,562
Spike 6,obla1305_4,OV,flatrip,391
Spike 7,obla1305_4,OV,flatrip,367
Spike 8,obla1305_4,OV,flatrip,551
Spike 9,obla1305_4,OV,flatrip,502
Spike 10,obla1305_4,OV,flatrip,364
Spike 1,pupi0414_10,OV,conspecific,1411
Spike 2,pupi0414_10,OV,conspecific,1330
Spike 3,pupi0414_10,OV,conspecific,1290
Spike 4,pupi0414_10,OV,conspecific,1295
Spike 5,pupi0414_10,OV,conspecific,1188
Spike 6,pupi0414_10,OV,conspecific,1996
Spike 7,pupi0414_10,OV,conspecific,1995
Spike 8,pupi0414_10,OV,conspecific,1959
Spike 9,pupi0414_10,OV,conspecific,1721
Spike 10,pupi0414_10,OV,conspecific,1606
Spike 11,pupi0414_10,OV,conspecific,1823
Spike 12,pupi0414_10,OV,conspecific,1239
Spike 13,pupi0414_10,OV,conspecific,1935
Spike 14,pupi0414_10,OV,conspecific,1226
Spike 15,pupi0414_10,OV,conspecific,1936
Spike 16,pupi0414_10,OV,conspecific,1581
Spike 17,pupi0414_10,OV,conspecific,1490
Spike 18,pupi0414_10,OV,conspecific,1913
Spike 19,pupi0414_10,OV,conspecific,1721
Spike 20,pupi0414_10,OV,conspecific,1569
Spike 1,pupi0414_10,OV,flatrip,1959
Spike 2,pupi0414_10,OV,flatrip,2034
Spike 3,pupi0414_10,OV,flatrip,1911
Spike 4,pupi0414_10,OV,flatrip,1937
Spike 5,pupi0414_10,OV,flatrip,1998
Spike 6,pupi0414_10,OV,flatrip,1931
Spike 7,pupi0414_10,OV,flatrip,1890
Spike 8,pupi0414_10,OV,flatrip,1867
Spike 9,pupi0414_10,OV,flatrip,1911
Spike 10,pupi0414_10,OV,flatrip,1857
Spike 1,pupi0414_2,OV,conspecific,459
Spike 2,pupi0414_2,OV,conspecific,390
Spike 3,pupi0414_2,OV,conspecific,455
Spike 4,pupi0414_2,OV,conspecific,475
Spike 5,pupi0414_2,OV,conspecific,414
Spike 6,pupi0414_2,OV,conspecific,618
Spike 7,pupi0414_2,OV,conspecific,679
Spike 8,pupi0414_2,OV,conspecific,576
Spike 9,pupi0414_2,OV,conspecific,557
Spike 10,pupi0414_2,OV,conspecific,514
Spike 11,pupi0414_2,OV,conspecific,614
Spike 12,pupi0414_2,OV,conspecific,441
Spike 13,pupi0414_2,OV,conspecific,555
Spike 14,pupi0414_2,OV,conspecific,431
Spike 15,pupi0414_2,OV,conspecific,568
Spike 16,pupi0414_2,OV,conspecific,460
Spike 17,pupi0414_2,OV,conspecific,421
Spike 18,pupi0414_2,OV,conspecific,578
Spike 19,pupi0414_2,OV,conspecific,574
Spike 20,pupi0414_2,OV,conspecific,511
Spike 1,pupi0414_2,OV,flatrip,
Spike 2,pupi0414_2,OV,flatrip,
Spike 3,pupi0414_2,OV,flatrip,
Spike 4,pupi0414_2,OV,flatrip,
Spike 5,pupi0414_2,OV,flatrip,
Spike 6,pupi0414_2,OV,flatrip,
Spike 7,pupi0414_2,OV,flatrip,
Spike 8,pupi0414_2,OV,flatrip,
Spike 9,pupi0414_2,OV,flatrip,
Spike 10,pupi0414_2,OV,flatrip,
Spike 1,pupi0414_9,OV,conspecific,106
Spike 2,pupi0414_9,OV,conspecific,124
Spike 3,pupi0414_9,OV,conspecific,104
Spike 4,pupi0414_9,OV,conspecific,105
Spike 5,pupi0414_9,OV,conspecific,118
Spike 6,pupi0414_9,OV,conspecific,178
Spike 7,pupi0414_9,OV,conspecific,175
Spike 8,pupi0414_9,OV,conspecific,173
Spike 9,pupi0414_9,OV,conspecific,128
Spike 10,pupi0414_9,OV,conspecific,129
Spike 11,pupi0414_9,OV,conspecific,135
Spike 12,pupi0414_9,OV,conspecific,90
Spike 13,pupi0414_9,OV,conspecific,179
Spike 14,pupi0414_9,OV,conspecific,90
Spike 15,pupi0414_9,OV,conspecific,200
Spike 16,pupi0414_9,OV,conspecific,116
Spike 17,pupi0414_9,OV,conspecific,142
Spike 18,pupi0414_9,OV,conspecific,195
Spike 19,pupi0414_9,OV,conspecific,149
Spike 20,pupi0414_9,OV,conspecific,94
Spike 1,pupi0414_9,OV,flatrip,218
Spike 2,pupi0414_9,OV,flatrip,206
Spike 3,pupi0414_9,OV,flatrip,203
Spike 4,pupi0414_9,OV,flatrip,202
Spike 5,pupi0414_9,OV,flatrip,188
Spike 6,pupi0414_9,OV,flatrip,182
Spike 7,pupi0414_9,OV,flatrip,209
Spike 8,pupi0414_9,OV,flatrip,204
Spike 9,pupi0414_9,OV,flatrip,202
Spike 10,pupi0414_9,OV,flatrip,200
Spike 1,pupi0414_7,OV,conspecific,194
Spike 2,pupi0414_7,OV,conspecific,191
Spike 3,pupi0414_7,OV,conspecific,208
Spike 4,pupi0414_7,OV,conspecific,212
Spike 5,pupi0414_7,OV,conspecific,213
Spike 6,pupi0414_7,OV,conspecific,319
Spike 7,pupi0414_7,OV,conspecific,347
Spike 8,pupi0414_7,OV,conspecific,334
Spike 9,pupi0414_7,OV,conspecific,285
Spike 10,pupi0414_7,OV,conspecific,241
Spike 11,pupi0414_7,OV,conspecific,305
Spike 12,pupi0414_7,OV,conspecific,188
Spike 13,pupi0414_7,OV,conspecific,257
Spike 14,pupi0414_7,OV,conspecific,178
Spike 15,pupi0414_7,OV,conspecific,294
Spike 16,pupi0414_7,OV,conspecific,272
Spike 17,pupi0414_7,OV,conspecific,241
Spike 18,pupi0414_7,OV,conspecific,367
Spike 19,pupi0414_7,OV,conspecific,313
Spike 20,pupi0414_7,OV,conspecific,255
Spike 1,pupi0414_7,OV,flatrip,525
Spike 2,pupi0414_7,OV,flatrip,524
Spike 3,pupi0414_7,OV,flatrip,415
Spike 4,pupi0414_7,OV,flatrip,463
Spike 5,pupi0414_7,OV,flatrip,471
Spike 6,pupi0414_7,OV,flatrip,419
Spike 7,pupi0414_7,OV,flatrip,396
Spike 8,pupi0414_7,OV,flatrip,522
Spike 9,pupi0414_7,OV,flatrip,439
Spike 10,pupi0414_7,OV,flatrip,382
Spike 1,pupi0414_8,OV,conspecific,815
Spike 2,pupi0414_8,OV,conspecific,676
Spike 3,pupi0414_8,OV,conspecific,741
Spike 4,pupi0414_8,OV,conspecific,767
Spike 5,pupi0414_8,OV,conspecific,751
Spike 6,pupi0414_8,OV,conspecific,778
Spike 7,pupi0414_8,OV,conspecific,942
Spike 8,pupi0414_8,OV,conspecific,783
Spike 9,pupi0414_8,OV,conspecific,773
Spike 10,pupi0414_8,OV,conspecific,775
Spike 11,pupi0414_8,OV,conspecific,710
Spike 12,pupi0414_8,OV,conspecific,795
Spike 13,pupi0414_8,OV,conspecific,816
Spike 14,pupi0414_8,OV,conspecific,834
Spike 15,pupi0414_8,OV,conspecific,773
Spike 16,pupi0414_8,OV,conspecific,762
Spike 17,pupi0414_8,OV,conspecific,833
Spike 18,pupi0414_8,OV,conspecific,841
Spike 19,pupi0414_8,OV,conspecific,857
Spike 20,pupi0414_8,OV,conspecific,737
Spike 1,pupi0414_8,OV,flatrip,578
Spike 2,pupi0414_8,OV,flatrip,601
Spike 3,pupi0414_8,OV,flatrip,494
Spike 4,pupi0414_8,OV,flatrip,522
Spike 5,pupi0414_8,OV,flatrip,592
Spike 6,pupi0414_8,OV,flatrip,447
Spike 7,pupi0414_8,OV,flatrip,468
Spike 8,pupi0414_8,OV,flatrip,602
Spike 9,pupi0414_8,OV,flatrip,564
Spike 10,pupi0414_8,OV,flatrip,449
Spike 1,pupi0414_3,OV,conspecific,339
Spike 2,pupi0414_3,OV,conspecific,292
Spike 3,pupi0414_3,OV,conspecific,339
Spike 4,pupi0414_3,OV,conspecific,321
Spike 5,pupi0414_3,OV,conspecific,312
Spike 6,pupi0414_3,OV,conspecific,425
Spike 7,pupi0414_3,OV,conspecific,446
Spike 8,pupi0414_3,OV,conspecific,480
Spike 9,pupi0414_3,OV,conspecific,422
Spike 10,pupi0414_3,OV,conspecific,355
Spike 11,pupi0414_3,OV,conspecific,460
Spike 12,pupi0414_3,OV,conspecific,341
Spike 13,pupi0414_3,OV,conspecific,349
Spike 14,pupi0414_3,OV,conspecific,263
Spike 15,pupi0414_3,OV,conspecific,358
Spike 16,pupi0414_3,OV,conspecific,289
Spike 17,pupi0414_3,OV,conspecific,348
Spike 18,pupi0414_3,OV,conspecific,472
Spike 19,pupi0414_3,OV,conspecific,405
Spike 20,pupi0414_3,OV,conspecific,354
Spike 1,pupi0414_3,OV,flatrip,308
Spike 2,pupi0414_3,OV,flatrip,340
Spike 3,pupi0414_3,OV,flatrip,297
Spike 4,pupi0414_3,OV,flatrip,319
Spike 5,pupi0414_3,OV,flatrip,321
Spike 6,pupi0414_3,OV,flatrip,291
Spike 7,pupi0414_3,OV,flatrip,333
Spike 8,pupi0414_3,OV,flatrip,334
Spike 9,pupi0414_3,OV,flatrip,313
Spike 10,pupi0414_3,OV,flatrip,302
Spike 1,pupi0414_5,OV,conspecific,429
Spike 2,pupi0414_5,OV,conspecific,370
Spike 3,pupi0414_5,OV,conspecific,376
Spike 4,pupi0414_5,OV,conspecific,437
Spike 5,pupi0414_5,OV,conspecific,372
Spike 6,pupi0414_5,OV,conspecific,625
Spike 7,pupi0414_5,OV,conspecific,554
Spike 8,pupi0414_5,OV,conspecific,548
Spike 9,pupi0414_5,OV,conspecific,436
Spike 10,pupi0414_5,OV,conspecific,404
Spike 11,pupi0414_5,OV,conspecific,570
Spike 12,pupi0414_5,OV,conspecific,391
Spike 13,pupi0414_5,OV,conspecific,510
Spike 14,pupi0414_5,OV,conspecific,384
Spike 15,pupi0414_5,OV,conspecific,532
Spike 16,pupi0414_5,OV,conspecific,421
Spike 17,pupi0414_5,OV,conspecific,367
Spike 18,pupi0414_5,OV,conspecific,597
Spike 19,pupi0414_5,OV,conspecific,653
Spike 20,pupi0414_5,OV,conspecific,489
Spike 1,pupi0414_5,OV,flatrip,513
Spike 2,pupi0414_5,OV,flatrip,599
Spike 3,pupi0414_5,OV,flatrip,503
Spike 4,pupi0414_5,OV,flatrip,525
Spike 5,pupi0414_5,OV,flatrip,547
Spike 6,pupi0414_5,OV,flatrip,485
Spike 7,pupi0414_5,OV,flatrip,441
Spike 8,pupi0414_5,OV,flatrip,598
Spike 9,pupi0414_5,OV,flatrip,527
Spike 10,pupi0414_5,OV,flatrip,504
Spike 1,pupi0414_1,OV,conspecific,2343
Spike 2,pupi0414_1,OV,conspecific,2017
Spike 3,pupi0414_1,OV,conspecific,2205
Spike 4,pupi0414_1,OV,conspecific,2362
Spike 5,pupi0414_1,OV,conspecific,2056
Spike 6,pupi0414_1,OV,conspecific,3204
Spike 7,pupi0414_1,OV,conspecific,3265
Spike 8,pupi0414_1,OV,conspecific,3294
Spike 9,pupi0414_1,OV,conspecific,2935
Spike 10,pupi0414_1,OV,conspecific,2764
Spike 11,pupi0414_1,OV,conspecific,3445
Spike 12,pupi0414_1,OV,conspecific,2097
Spike 13,pupi0414_1,OV,conspecific,2844
Spike 14,pupi0414_1,OV,conspecific,1917
Spike 15,pupi0414_1,OV,conspecific,3085
Spike 16,pupi0414_1,OV,conspecific,2454
Spike 17,pupi0414_1,OV,conspecific,2535
Spike 18,pupi0414_1,OV,conspecific,3292
Spike 19,pupi0414_1,OV,conspecific,3072
Spike 20,pupi0414_1,OV,conspecific,2357
Spike 1,pupi0414_1,OV,flatrip,2633
Spike 2,pupi0414_1,OV,flatrip,2545
Spike 3,pupi0414_1,OV,flatrip,2650
Spike 4,pupi0414_1,OV,flatrip,2527
Spike 5,pupi0414_1,OV,flatrip,2430
Spike 6,pupi0414_1,OV,flatrip,2553
Spike 7,pupi0414_1,OV,flatrip,2690
Spike 8,pupi0414_1,OV,flatrip,2510
Spike 9,pupi0414_1,OV,flatrip,2518
Spike 10,pupi0414_1,OV,flatrip,2798
Spike 1,pupi0414_6,OV,conspecific,244
Spike 2,pupi0414_6,OV,conspecific,215
Spike 3,pupi0414_6,OV,conspecific,234
Spike 4,pupi0414_6,OV,conspecific,259
Spike 5,pupi0414_6,OV,conspecific,213
Spike 6,pupi0414_6,OV,conspecific,324
Spike 7,pupi0414_6,OV,conspecific,374
Spike 8,pupi0414_6,OV,conspecific,352
Spike 9,pupi0414_6,OV,conspecific,295
Spike 10,pupi0414_6,OV,conspecific,237
Spike 11,pupi0414_6,OV,conspecific,323
Spike 12,pupi0414_6,OV,conspecific,197
Spike 13,pupi0414_6,OV,conspecific,229
Spike 14,pupi0414_6,OV,conspecific,223
Spike 15,pupi0414_6,OV,conspecific,312
Spike 16,pupi0414_6,OV,conspecific,216
Spike 17,pupi0414_6,OV,conspecific,245
Spike 18,pupi0414_6,OV,conspecific,359
Spike 19,pupi0414_6,OV,conspecific,280
Spike 20,pupi0414_6,OV,conspecific,265
Spike 1,pupi0414_6,OV,flatrip,307
Spike 2,pupi0414_6,OV,flatrip,254
Spike 3,pupi0414_6,OV,flatrip,282
Spike 4,pupi0414_6,OV,flatrip,280
Spike 5,pupi0414_6,OV,flatrip,285
Spike 6,pupi0414_6,OV,flatrip,242
Spike 7,pupi0414_6,OV,flatrip,219
Spike 8,pupi0414_6,OV,flatrip,293
Spike 9,pupi0414_6,OV,flatrip,283
Spike 10,pupi0414_6,OV,flatrip,227
Spike 1,gr0869_2,OV,conspecific,113
Spike 2,gr0869_2,OV,conspecific,102
Spike 3,gr0869_2,OV,conspecific,96
Spike 4,gr0869_2,OV,conspecific,99
Spike 5,gr0869_2,OV,conspecific,72
Spike 6,gr0869_2,OV,conspecific,132
Spike 7,gr0869_2,OV,conspecific,127
Spike 8,gr0869_2,OV,conspecific,112
Spike 9,gr0869_2,OV,conspecific,157
Spike 10,gr0869_2,OV,conspecific,94
Spike 11,gr0869_2,OV,conspecific,184
Spike 12,gr0869_2,OV,conspecific,85
Spike 13,gr0869_2,OV,conspecific,129
Spike 14,gr0869_2,OV,conspecific,119
Spike 15,gr0869_2,OV,conspecific,131
Spike 16,gr0869_2,OV,conspecific,98
Spike 17,gr0869_2,OV,conspecific,94
Spike 18,gr0869_2,OV,conspecific,154
Spike 19,gr0869_2,OV,conspecific,125
Spike 20,gr0869_2,OV,conspecific,191
Spike 1,gr0869_2,OV,flatrip,208
Spike 2,gr0869_2,OV,flatrip,204
Spike 3,gr0869_2,OV,flatrip,159
Spike 4,gr0869_2,OV,flatrip,173
Spike 5,gr0869_2,OV,flatrip,159
Spike 6,gr0869_2,OV,flatrip,102
Spike 7,gr0869_2,OV,flatrip,107
Spike 8,gr0869_2,OV,flatrip,180
Spike 9,gr0869_2,OV,flatrip,169
Spike 10,gr0869_2,OV,flatrip,121
Spike 1,gr0869_10,OV,conspecific,161
Spike 2,gr0869_10,OV,conspecific,109
Spike 3,gr0869_10,OV,conspecific,141
Spike 4,gr0869_10,OV,conspecific,162
Spike 5,gr0869_10,OV,conspecific,135
Spike 6,gr0869_10,OV,conspecific,246
Spike 7,gr0869_10,OV,conspecific,229
Spike 8,gr0869_10,OV,conspecific,197
Spike 9,gr0869_10,OV,conspecific,232
Spike 10,gr0869_10,OV,conspecific,126
Spike 11,gr0869_10,OV,conspecific,177
Spike 12,gr0869_10,OV,conspecific,124
Spike 13,gr0869_10,OV,conspecific,221
Spike 14,gr0869_10,OV,conspecific,217
Spike 15,gr0869_10,OV,conspecific,254
Spike 16,gr0869_10,OV,conspecific,175
Spike 17,gr0869_10,OV,conspecific,120
Spike 18,gr0869_10,OV,conspecific,249
Spike 19,gr0869_10,OV,conspecific,231
Spike 20,gr0869_10,OV,conspecific,240
Spike 1,gr0869_10,OV,flatrip,244
Spike 2,gr0869_10,OV,flatrip,201
Spike 3,gr0869_10,OV,flatrip,165
Spike 4,gr0869_10,OV,flatrip,169
Spike 5,gr0869_10,OV,flatrip,183
Spike 6,gr0869_10,OV,flatrip,119
Spike 7,gr0869_10,OV,flatrip,106
Spike 8,gr0869_10,OV,flatrip,170
Spike 9,gr0869_10,OV,flatrip,151
Spike 10,gr0869_10,OV,flatrip,112
Spike 1,gr0869_9,OV,conspecific,374
Spike 2,gr0869_9,OV,conspecific,251
Spike 3,gr0869_9,OV,conspecific,318
Spike 4,gr0869_9,OV,conspecific,418
Spike 5,gr0869_9,OV,conspecific,350
Spike 6,gr0869_9,OV,conspecific,591
Spike 7,gr0869_9,OV,conspecific,518
Spike 8,gr0869_9,OV,conspecific,404
Spike 9,gr0869_9,OV,conspecific,518
Spike 10,gr0869_9,OV,conspecific,348
Spike 11,gr0869_9,OV,conspecific,474
Spike 12,gr0869_9,OV,conspecific,364
Spike 13,gr0869_9,OV,conspecific,460
Spike 14,gr0869_9,OV,conspecific,463
Spike 15,gr0869_9,OV,conspecific,562
Spike 16,gr0869_9,OV,conspecific,465
Spike 17,gr0869_9,OV,conspecific,266
Spike 18,gr0869_9,OV,conspecific,504
Spike 19,gr0869_9,OV,conspecific,496
Spike 20,gr0869_9,OV,conspecific,602
Spike 1,gr0869_9,OV,flatrip,811
Spike 2,gr0869_9,OV,flatrip,632
Spike 3,gr0869_9,OV,flatrip,545
Spike 4,gr0869_9,OV,flatrip,513
Spike 5,gr0869_9,OV,flatrip,594
Spike 6,gr0869_9,OV,flatrip,354
Spike 7,gr0869_9,OV,flatrip,368
Spike 8,gr0869_9,OV,flatrip,576
Spike 9,gr0869_9,OV,flatrip,459
Spike 10,gr0869_9,OV,flatrip,359
Spike 1,gr0869_7,OV,conspecific,224
Spike 2,gr0869_7,OV,conspecific,174
Spike 3,gr0869_7,OV,conspecific,228
Spike 4,gr0869_7,OV,conspecific,232
Spike 5,gr0869_7,OV,conspecific,182
Spike 6,gr0869_7,OV,conspecific,311
Spike 7,gr0869_7,OV,conspecific,334
Spike 8,gr0869_7,OV,conspecific,405
Spike 9,gr0869_7,OV,conspecific,323
Spike 10,gr0869_7,OV,conspecific,238
Spike 11,gr0869_7,OV,conspecific,333
Spike 12,gr0869_7,OV,conspecific,220
Spike 13,gr0869_7,OV,conspecific,251
Spike 14,gr0869_7,OV,conspecific,279
Spike 15,gr0869_7,OV,conspecific,322
Spike 16,gr0869_7,OV,conspecific,226
Spike 17,gr0869_7,OV,conspecific,173
Spike 18,gr0869_7,OV,conspecific,283
Spike 19,gr0869_7,OV,conspecific,297
Spike 20,gr0869_7,OV,conspecific,328
Spike 1,gr0869_7,OV,flatrip,415
Spike 2,gr0869_7,OV,flatrip,298
Spike 3,gr0869_7,OV,flatrip,254
Spike 4,gr0869_7,OV,flatrip,280
Spike 5,gr0869_7,OV,flatrip,275
Spike 6,gr0869_7,OV,flatrip,185
Spike 7,gr0869_7,OV,flatrip,225
Spike 8,gr0869_7,OV,flatrip,266
Spike 9,gr0869_7,OV,flatrip,272
Spike 10,gr0869_7,OV,flatrip,200
Spike 1,gr0869_8,OV,conspecific,647
Spike 2,gr0869_8,OV,conspecific,453
Spike 3,gr0869_8,OV,conspecific,614
Spike 4,gr0869_8,OV,conspecific,631
Spike 5,gr0869_8,OV,conspecific,611
Spike 6,gr0869_8,OV,conspecific,821
Spike 7,gr0869_8,OV,conspecific,772
Spike 8,gr0869_8,OV,conspecific,715
Spike 9,gr0869_8,OV,conspecific,910
Spike 10,gr0869_8,OV,conspecific,558
Spike 11,gr0869_8,OV,conspecific,767
Spike 12,gr0869_8,OV,conspecific,595
Spike 13,gr0869_8,OV,conspecific,750
Spike 14,gr0869_8,OV,conspecific,841
Spike 15,gr0869_8,OV,conspecific,875
Spike 16,gr0869_8,OV,conspecific,739
Spike 17,gr0869_8,OV,conspecific,510
Spike 18,gr0869_8,OV,conspecific,944
Spike 19,gr0869_8,OV,conspecific,803
Spike 20,gr0869_8,OV,conspecific,1022
Spike 1,gr0869_8,OV,flatrip,893
Spike 2,gr0869_8,OV,flatrip,860
Spike 3,gr0869_8,OV,flatrip,828
Spike 4,gr0869_8,OV,flatrip,621
Spike 5,gr0869_8,OV,flatrip,824
Spike 6,gr0869_8,OV,flatrip,477
Spike 7,gr0869_8,OV,flatrip,579
Spike 8,gr0869_8,OV,flatrip,721
Spike 9,gr0869_8,OV,flatrip,723
Spike 10,gr0869_8,OV,flatrip,489
Spike 1,gr0869_5,OV,conspecific,1277
Spike 2,gr0869_5,OV,conspecific,1089
Spike 3,gr0869_5,OV,conspecific,1205
Spike 4,gr0869_5,OV,conspecific,1183
Spike 5,gr0869_5,OV,conspecific,1065
Spike 6,gr0869_5,OV,conspecific,1651
Spike 7,gr0869_5,OV,conspecific,1631
Spike 8,gr0869_5,OV,conspecific,1547
Spike 9,gr0869_5,OV,conspecific,1591
Spike 10,gr0869_5,OV,conspecific,1361
Spike 11,gr0869_5,OV,conspecific,1687
Spike 12,gr0869_5,OV,conspecific,1208
Spike 13,gr0869_5,OV,conspecific,1522
Spike 14,gr0869_5,OV,conspecific,1107
Spike 15,gr0869_5,OV,conspecific,1495
Spike 16,gr0869_5,OV,conspecific,1326
Spike 17,gr0869_5,OV,conspecific,1304
Spike 18,gr0869_5,OV,conspecific,1723
Spike 19,gr0869_5,OV,conspecific,1515
Spike 20,gr0869_5,OV,conspecific,1357
Spike 1,gr0869_5,OV,flatrip,1241
Spike 2,gr0869_5,OV,flatrip,1199
Spike 3,gr0869_5,OV,flatrip,1226
Spike 4,gr0869_5,OV,flatrip,1233
Spike 5,gr0869_5,OV,flatrip,1209
Spike 6,gr0869_5,OV,flatrip,1149
Spike 7,gr0869_5,OV,flatrip,1131
Spike 8,gr0869_5,OV,flatrip,1235
Spike 9,gr0869_5,OV,flatrip,1305
Spike 10,gr0869_5,OV,flatrip,1129
Spike 1,gr0869_11,OV,conspecific,373
Spike 2,gr0869_11,OV,conspecific,311
Spike 3,gr0869_11,OV,conspecific,350
Spike 4,gr0869_11,OV,conspecific,373
Spike 5,gr0869_11,OV,conspecific,349
Spike 6,gr0869_11,OV,conspecific,507
Spike 7,gr0869_11,OV,conspecific,431
Spike 8,gr0869_11,OV,conspecific,426
Spike 9,gr0869_11,OV,conspecific,420
Spike 10,gr0869_11,OV,conspecific,348
Spike 11,gr0869_11,OV,conspecific,408
Spike 12,gr0869_11,OV,conspecific,334
Spike 13,gr0869_11,OV,conspecific,414
Spike 14,gr0869_11,OV,conspecific,437
Spike 15,gr0869_11,OV,conspecific,441
Spike 16,gr0869_11,OV,conspecific,392
Spike 17,gr0869_11,OV,conspecific,326
Spike 18,gr0869_11,OV,conspecific,484
Spike 19,gr0869_11,OV,conspecific,418
Spike 20,gr0869_11,OV,conspecific,486
Spike 1,gr0869_11,OV,flatrip,504
Spike 2,gr0869_11,OV,flatrip,468
Spike 3,gr0869_11,OV,flatrip,418
Spike 4,gr0869_11,OV,flatrip,462
Spike 5,gr0869_11,OV,flatrip,397
Spike 6,gr0869_11,OV,flatrip,351
Spike 7,gr0869_11,OV,flatrip,364
Spike 8,gr0869_11,OV,flatrip,391
Spike 9,gr0869_11,OV,flatrip,369
Spike 10,gr0869_11,OV,flatrip,357
Spike 1,blahp9904_9,OV,conspecific,1892
Spike 2,blahp9904_9,OV,conspecific,1802
Spike 3,blahp9904_9,OV,conspecific,1863
Spike 4,blahp9904_9,OV,conspecific,1857
Spike 5,blahp9904_9,OV,conspecific,1729
Spike 6,blahp9904_9,OV,conspecific,2003
Spike 7,blahp9904_9,OV,conspecific,2014
Spike 8,blahp9904_9,OV,conspecific,2059
Spike 9,blahp9904_9,OV,conspecific,2231
Spike 10,blahp9904_9,OV,conspecific,1955
Spike 11,blahp9904_9,OV,conspecific,2171
Spike 12,blahp9904_9,OV,conspecific,1794
Spike 13,blahp9904_9,OV,conspecific,1873
Spike 14,blahp9904_9,OV,conspecific,1750
Spike 15,blahp9904_9,OV,conspecific,2000
Spike 16,blahp9904_9,OV,conspecific,1753
Spike 17,blahp9904_9,OV,conspecific,1882
Spike 18,blahp9904_9,OV,conspecific,2025
Spike 19,blahp9904_9,OV,conspecific,1901
Spike 20,blahp9904_9,OV,conspecific,1999
Spike 1,blahp9904_9,OV,flatrip,2000
Spike 2,blahp9904_9,OV,flatrip,1974
Spike 3,blahp9904_9,OV,flatrip,1877
Spike 4,blahp9904_9,OV,flatrip,1935
Spike 5,blahp9904_9,OV,flatrip,1935
Spike 6,blahp9904_9,OV,flatrip,1838
Spike 7,blahp9904_9,OV,flatrip,1917
Spike 8,blahp9904_9,OV,flatrip,1971
Spike 9,blahp9904_9,OV,flatrip,1920
Spike 10,blahp9904_9,OV,flatrip,1971
Spike 1,blahp9904_7,OV,conspecific,911
Spike 2,blahp9904_7,OV,conspecific,754
Spike 3,blahp9904_7,OV,conspecific,785
Spike 4,blahp9904_7,OV,conspecific,791
Spike 5,blahp9904_7,OV,conspecific,717
Spike 6,blahp9904_7,OV,conspecific,1046
Spike 7,blahp9904_7,OV,conspecific,1088
Spike 8,blahp9904_7,OV,conspecific,1031
Spike 9,blahp9904_7,OV,conspecific,1096
Spike 10,blahp9904_7,OV,conspecific,841
Spike 11,blahp9904_7,OV,conspecific,1132
Spike 12,blahp9904_7,OV,conspecific,837
Spike 13,blahp9904_7,OV,conspecific,937
Spike 14,blahp9904_7,OV,conspecific,898
Spike 15,blahp9904_7,OV,conspecific,939
Spike 16,blahp9904_7,OV,conspecific,851
Spike 17,blahp9904_7,OV,conspecific,867
Spike 18,blahp9904_7,OV,conspecific,991
Spike 19,blahp9904_7,OV,conspecific,915
Spike 20,blahp9904_7,OV,conspecific,1000
Spike 1,blahp9904_7,OV,flatrip,984
Spike 2,blahp9904_7,OV,flatrip,982
Spike 3,blahp9904_7,OV,flatrip,851
Spike 4,blahp9904_7,OV,flatrip,861
Spike 5,blahp9904_7,OV,flatrip,926
Spike 6,blahp9904_7,OV,flatrip,754
Spike 7,blahp9904_7,OV,flatrip,781
Spike 8,blahp9904_7,OV,flatrip,927
Spike 9,blahp9904_7,OV,flatrip,881
Spike 10,blahp9904_7,OV,flatrip,791
Spike 1,blahp9904_8,OV,conspecific,851
Spike 2,blahp9904_8,OV,conspecific,714
Spike 3,blahp9904_8,OV,conspecific,779
Spike 4,blahp9904_8,OV,conspecific,910
Spike 5,blahp9904_8,OV,conspecific,688
Spike 6,blahp9904_8,OV,conspecific,998
Spike 7,blahp9904_8,OV,conspecific,921
Spike 8,blahp9904_8,OV,conspecific,960
Spike 9,blahp9904_8,OV,conspecific,1033
Spike 10,blahp9904_8,OV,conspecific,825
Spike 11,blahp9904_8,OV,conspecific,1105
Spike 12,blahp9904_8,OV,conspecific,785
Spike 13,blahp9904_8,OV,conspecific,915
Spike 14,blahp9904_8,OV,conspecific,811
Spike 15,blahp9904_8,OV,conspecific,902
Spike 16,blahp9904_8,OV,conspecific,802
Spike 17,blahp9904_8,OV,conspecific,765
Spike 18,blahp9904_8,OV,conspecific,978
Spike 19,blahp9904_8,OV,conspecific,912
Spike 20,blahp9904_8,OV,conspecific,1032
Spike 1,blahp9904_8,OV,flatrip,977
Spike 2,blahp9904_8,OV,flatrip,944
Spike 3,blahp9904_8,OV,flatrip,867
Spike 4,blahp9904_8,OV,flatrip,877
Spike 5,blahp9904_8,OV,flatrip,929
Spike 6,blahp9904_8,OV,flatrip,775
Spike 7,blahp9904_8,OV,flatrip,763
Spike 8,blahp9904_8,OV,flatrip,879
Spike 9,blahp9904_8,OV,flatrip,907
Spike 10,blahp9904_8,OV,flatrip,839
Spike 1,blahp9904_6,OV,conspecific,752
Spike 2,blahp9904_6,OV,conspecific,718
Spike 3,blahp9904_6,OV,conspecific,717
Spike 4,blahp9904_6,OV,conspecific,784
Spike 5,blahp9904_6,OV,conspecific,626
Spike 6,blahp9904_6,OV,conspecific,900
Spike 7,blahp9904_6,OV,conspecific,937
Spike 8,blahp9904_6,OV,conspecific,876
Spike 9,blahp9904_6,OV,conspecific,905
Spike 10,blahp9904_6,OV,conspecific,778
Spike 11,blahp9904_6,OV,conspecific,1014
Spike 12,blahp9904_6,OV,conspecific,744
Spike 13,blahp9904_6,OV,conspecific,791
Spike 14,blahp9904_6,OV,conspecific,770
Spike 15,blahp9904_6,OV,conspecific,736
Spike 16,blahp9904_6,OV,conspecific,699
Spike 17,blahp9904_6,OV,conspecific,693
Spike 18,blahp9904_6,OV,conspecific,944
Spike 19,blahp9904_6,OV,conspecific,791
Spike 20,blahp9904_6,OV,conspecific,849
Spike 1,blahp9904_6,OV,flatrip,868
Spike 2,blahp9904_6,OV,flatrip,906
Spike 3,blahp9904_6,OV,flatrip,806
Spike 4,blahp9904_6,OV,flatrip,854
Spike 5,blahp9904_6,OV,flatrip,841
Spike 6,blahp9904_6,OV,flatrip,764
Spike 7,blahp9904_6,OV,flatrip,755
Spike 8,blahp9904_6,OV,flatrip,841
Spike 9,blahp9904_6,OV,flatrip,785
Spike 10,blahp9904_6,OV,flatrip,765
Spike 1,glb5656_2,OV,conspecific,458
Spike 2,glb5656_2,OV,conspecific,488
Spike 3,glb5656_2,OV,conspecific,499
Spike 4,glb5656_2,OV,conspecific,531
Spike 5,glb5656_2,OV,conspecific,452
Spike 6,glb5656_2,OV,conspecific,724
Spike 7,glb5656_2,OV,conspecific,718
Spike 8,glb5656_2,OV,conspecific,729
Spike 9,glb5656_2,OV,conspecific,679
Spike 10,glb5656_2,OV,conspecific,527
Spike 11,glb5656_2,OV,conspecific,725
Spike 12,glb5656_2,OV,conspecific,409
Spike 13,glb5656_2,OV,conspecific,595
Spike 14,glb5656_2,OV,conspecific,531
Spike 15,glb5656_2,OV,conspecific,621
Spike 16,glb5656_2,OV,conspecific,490
Spike 17,glb5656_2,OV,conspecific,514
Spike 18,glb5656_2,OV,conspecific,642
Spike 19,glb5656_2,OV,conspecific,499
Spike 20,glb5656_2,OV,conspecific,549
Spike 1,glb5656_2,OV,flatrip,397
Spike 2,glb5656_2,OV,flatrip,433
Spike 3,glb5656_2,OV,flatrip,412
Spike 4,glb5656_2,OV,flatrip,373
Spike 5,glb5656_2,OV,flatrip,428
Spike 6,glb5656_2,OV,flatrip,330
Spike 7,glb5656_2,OV,flatrip,373
Spike 8,glb5656_2,OV,flatrip,396
Spike 9,glb5656_2,OV,flatrip,435
Spike 10,glb5656_2,OV,flatrip,375
Spike 1,glb5656_3,OV,conspecific,332
Spike 2,glb5656_3,OV,conspecific,265
Spike 3,glb5656_3,OV,conspecific,324
Spike 4,glb5656_3,OV,conspecific,292
Spike 5,glb5656_3,OV,conspecific,274
Spike 6,glb5656_3,OV,conspecific,497
Spike 7,glb5656_3,OV,conspecific,441
Spike 8,glb5656_3,OV,conspecific,445
Spike 9,glb5656_3,OV,conspecific,355
Spike 10,glb5656_3,OV,conspecific,315
Spike 11,glb5656_3,OV,conspecific,494
Spike 12,glb5656_3,OV,conspecific,279
Spike 13,glb5656_3,OV,conspecific,396
Spike 14,glb5656_3,OV,conspecific,275
Spike 15,glb5656_3,OV,conspecific,403
Spike 16,glb5656_3,OV,conspecific,328
Spike 17,glb5656_3,OV,conspecific,301
Spike 18,glb5656_3,OV,conspecific,437
Spike 19,glb5656_3,OV,conspecific,367
Spike 20,glb5656_3,OV,conspecific,375
Spike 1,glb5656_3,OV,flatrip,357
Spike 2,glb5656_3,OV,flatrip,371
Spike 3,glb5656_3,OV,flatrip,299
Spike 4,glb5656_3,OV,flatrip,305
Spike 5,glb5656_3,OV,flatrip,345
Spike 6,glb5656_3,OV,flatrip,318
Spike 7,glb5656_3,OV,flatrip,306
Spike 8,glb5656_3,OV,flatrip,345
Spike 9,glb5656_3,OV,flatrip,298
Spike 10,glb5656_3,OV,flatrip,297
Spike 1,glb5656_5,OV,conspecific,735
Spike 2,glb5656_5,OV,conspecific,713
Spike 3,glb5656_5,OV,conspecific,750
Spike 4,glb5656_5,OV,conspecific,801
Spike 5,glb5656_5,OV,conspecific,736
Spike 6,glb5656_5,OV,conspecific,779
Spike 7,glb5656_5,OV,conspecific,866
Spike 8,glb5656_5,OV,conspecific,899
Spike 9,glb5656_5,OV,conspecific,756
Spike 10,glb5656_5,OV,conspecific,769
Spike 11,glb5656_5,OV,conspecific,842
Spike 12,glb5656_5,OV,conspecific,684
Spike 13,glb5656_5,OV,conspecific,808
Spike 14,glb5656_5,OV,conspecific,682
Spike 15,glb5656_5,OV,conspecific,736
Spike 16,glb5656_5,OV,conspecific,758
Spike 17,glb5656_5,OV,conspecific,744
Spike 18,glb5656_5,OV,conspecific,800
Spike 19,glb5656_5,OV,conspecific,779
Spike 20,glb5656_5,OV,conspecific,689
Spike 1,glb5656_5,OV,flatrip,805
Spike 2,glb5656_5,OV,flatrip,836
Spike 3,glb5656_5,OV,flatrip,825
Spike 4,glb5656_5,OV,flatrip,844
Spike 5,glb5656_5,OV,flatrip,849
Spike 6,glb5656_5,OV,flatrip,806
Spike 7,glb5656_5,OV,flatrip,765
Spike 8,glb5656_5,OV,flatrip,803
Spike 9,glb5656_5,OV,flatrip,828
Spike 10,glb5656_5,OV,flatrip,809
Spike 1,glb5656_4,OV,conspecific,64
Spike 2,glb5656_4,OV,conspecific,63
Spike 3,glb5656_4,OV,conspecific,49
Spike 4,glb5656_4,OV,conspecific,73
Spike 5,glb5656_4,OV,conspecific,55
Spike 6,glb5656_4,OV,conspecific,104
Spike 7,glb5656_4,OV,conspecific,95
Spike 8,glb5656_4,OV,conspecific,93
Spike 9,glb5656_4,OV,conspecific,76
Spike 10,glb5656_4,OV,conspecific,64
Spike 11,glb5656_4,OV,conspecific,75
Spike 12,glb5656_4,OV,conspecific,49
Spike 13,glb5656_4,OV,conspecific,94
Spike 14,glb5656_4,OV,conspecific,45
Spike 15,glb5656_4,OV,conspecific,97
Spike 16,glb5656_4,OV,conspecific,92
Spike 17,glb5656_4,OV,conspecific,55
Spike 18,glb5656_4,OV,conspecific,90
Spike 19,glb5656_4,OV,conspecific,90
Spike 20,glb5656_4,OV,conspecific,70
Spike 1,glb5656_4,OV,flatrip,73
Spike 2,glb5656_4,OV,flatrip,63
Spike 3,glb5656_4,OV,flatrip,84
Spike 4,glb5656_4,OV,flatrip,63
Spike 5,glb5656_4,OV,flatrip,61
Spike 6,glb5656_4,OV,flatrip,55
Spike 7,glb5656_4,OV,flatrip,58
Spike 8,glb5656_4,OV,flatrip,76
Spike 9,glb5656_4,OV,flatrip,57
Spike 10,glb5656_4,OV,flatrip,54
Spike 1,gr1070_2,OV,conspecific,668
Spike 2,gr1070_2,OV,conspecific,553
Spike 3,gr1070_2,OV,conspecific,555
Spike 4,gr1070_2,OV,conspecific,638
Spike 5,gr1070_2,OV,conspecific,599
Spike 6,gr1070_2,OV,conspecific,773
Spike 7,gr1070_2,OV,conspecific,807
Spike 8,gr1070_2,OV,conspecific,727
Spike 9,gr1070_2,OV,conspecific,709
Spike 10,gr1070_2,OV,conspecific,648
Spike 11,gr1070_2,OV,conspecific,706
Spike 12,gr1070_2,OV,conspecific,637
Spike 13,gr1070_2,OV,conspecific,687
Spike 14,gr1070_2,OV,conspecific,624
Spike 15,gr1070_2,OV,conspecific,694
Spike 16,gr1070_2,OV,conspecific,697
Spike 17,gr1070_2,OV,conspecific,596
Spike 18,gr1070_2,OV,conspecific,797
Spike 19,gr1070_2,OV,conspecific,677
Spike 20,gr1070_2,OV,conspecific,683
Spike 1,gr1070_2,OV,flatrip,774
Spike 2,gr1070_2,OV,flatrip,730
Spike 3,gr1070_2,OV,flatrip,734
Spike 4,gr1070_2,OV,flatrip,738
Spike 5,gr1070_2,OV,flatrip,731
Spike 6,gr1070_2,OV,flatrip,667
Spike 7,gr1070_2,OV,flatrip,679
Spike 8,gr1070_2,OV,flatrip,711
Spike 9,gr1070_2,OV,flatrip,778
Spike 10,gr1070_2,OV,flatrip,639
Spike 1,gr1070_3,OV,conspecific,491
Spike 2,gr1070_3,OV,conspecific,449
Spike 3,gr1070_3,OV,conspecific,445
Spike 4,gr1070_3,OV,conspecific,493
Spike 5,gr1070_3,OV,conspecific,408
Spike 6,gr1070_3,OV,conspecific,575
Spike 7,gr1070_3,OV,conspecific,600
Spike 8,gr1070_3,OV,conspecific,598
Spike 9,gr1070_3,OV,conspecific,511
Spike 10,gr1070_3,OV,conspecific,434
Spike 11,gr1070_3,OV,conspecific,506
Spike 12,gr1070_3,OV,conspecific,450
Spike 13,gr1070_3,OV,conspecific,484
Spike 14,gr1070_3,OV,conspecific,448
Spike 15,gr1070_3,OV,conspecific,535
Spike 16,gr1070_3,OV,conspecific,448
Spike 17,gr1070_3,OV,conspecific,483
Spike 18,gr1070_3,OV,conspecific,516
Spike 19,gr1070_3,OV,conspecific,457
Spike 20,gr1070_3,OV,conspecific,521
Spike 1,gr1070_3,OV,flatrip,546
Spike 2,gr1070_3,OV,flatrip,555
Spike 3,gr1070_3,OV,flatrip,504
Spike 4,gr1070_3,OV,flatrip,555
Spike 5,gr1070_3,OV,flatrip,572
Spike 6,gr1070_3,OV,flatrip,497
Spike 7,gr1070_3,OV,flatrip,498
Spike 8,gr1070_3,OV,flatrip,544
Spike 9,gr1070_3,OV,flatrip,566
Spike 10,gr1070_3,OV,flatrip,456
Spike 1,gr1070_5,OV,conspecific,612
Spike 2,gr1070_5,OV,conspecific,612
Spike 3,gr1070_5,OV,conspecific,548
Spike 4,gr1070_5,OV,conspecific,605
Spike 5,gr1070_5,OV,conspecific,633
Spike 6,gr1070_5,OV,conspecific,587
Spike 7,gr1070_5,OV,conspecific,840
Spike 8,gr1070_5,OV,conspecific,764
Spike 9,gr1070_5,OV,conspecific,795
Spike 10,gr1070_5,OV,conspecific,703
Spike 11,gr1070_5,OV,conspecific,703
Spike 12,gr1070_5,OV,conspecific,784
Spike 13,gr1070_5,OV,conspecific,630
Spike 14,gr1070_5,OV,conspecific,763
Spike 15,gr1070_5,OV,conspecific,595
Spike 16,gr1070_5,OV,conspecific,775
Spike 17,gr1070_5,OV,conspecific,619
Spike 18,gr1070_5,OV,conspecific,622
Spike 19,gr1070_5,OV,conspecific,727
Spike 20,gr1070_5,OV,conspecific,691
Spike 1,gr1070_5,OV,flatrip,685
Spike 2,gr1070_5,OV,flatrip,766
Spike 3,gr1070_5,OV,flatrip,763
Spike 4,gr1070_5,OV,flatrip,683
Spike 5,gr1070_5,OV,flatrip,622
Spike 6,gr1070_5,OV,flatrip,722
Spike 7,gr1070_5,OV,flatrip,695
Spike 8,gr1070_5,OV,flatrip,737
Spike 9,gr1070_5,OV,flatrip,726
Spike 10,gr1070_5,OV,flatrip,725
Spike 1,gr1070_1,OV,conspecific,982
Spike 2,gr1070_1,OV,conspecific,869
Spike 3,gr1070_1,OV,conspecific,869
Spike 4,gr1070_1,OV,conspecific,1006
Spike 5,gr1070_1,OV,conspecific,844
Spike 6,gr1070_1,OV,conspecific,1229
Spike 7,gr1070_1,OV,conspecific,1222
Spike 8,gr1070_1,OV,conspecific,1109
Spike 9,gr1070_1,OV,conspecific,1027
Spike 10,gr1070_1,OV,conspecific,927
Spike 11,gr1070_1,OV,conspecific,1028
Spike 12,gr1070_1,OV,conspecific,932
Spike 13,gr1070_1,OV,conspecific,1012
Spike 14,gr1070_1,OV,conspecific,954
Spike 15,gr1070_1,OV,conspecific,1116
Spike 16,gr1070_1,OV,conspecific,1004
Spike 17,gr1070_1,OV,conspecific,865
Spike 18,gr1070_1,OV,conspecific,1191
Spike 19,gr1070_1,OV,conspecific,1005
Spike 20,gr1070_1,OV,conspecific,1022
Spike 1,gr1070_1,OV,flatrip,1178
Spike 2,gr1070_1,OV,flatrip,1170
Spike 3,gr1070_1,OV,flatrip,1139
Spike 4,gr1070_1,OV,flatrip,1191
Spike 5,gr1070_1,OV,flatrip,1188
Spike 6,gr1070_1,OV,flatrip,1070
Spike 7,gr1070_1,OV,flatrip,1107
Spike 8,gr1070_1,OV,flatrip,1156
Spike 9,gr1070_1,OV,flatrip,1186
Spike 10,gr1070_1,OV,flatrip,1037
Spike 1,gr1070_4,OV,conspecific,575
Spike 2,gr1070_4,OV,conspecific,513
Spike 3,gr1070_4,OV,conspecific,533
Spike 4,gr1070_4,OV,conspecific,589
Spike 5,gr1070_4,OV,conspecific,437
Spike 6,gr1070_4,OV,conspecific,829
Spike 7,gr1070_4,OV,conspecific,802
Spike 8,gr1070_4,OV,conspecific,780
Spike 9,gr1070_4,OV,conspecific,661
Spike 10,gr1070_4,OV,conspecific,653
Spike 11,gr1070_4,OV,conspecific,738
Spike 12,gr1070_4,OV,conspecific,479
Spike 13,gr1070_4,OV,conspecific,766
Spike 14,gr1070_4,OV,conspecific,516
Spike 15,gr1070_4,OV,conspecific,703
Spike 16,gr1070_4,OV,conspecific,616
Spike 17,gr1070_4,OV,conspecific,560
Spike 18,gr1070_4,OV,conspecific,805
Spike 19,gr1070_4,OV,conspecific,666
Spike 20,gr1070_4,OV,conspecific,637
Spike 1,gr1070_4,OV,flatrip,722
Spike 2,gr1070_4,OV,flatrip,708
Spike 3,gr1070_4,OV,flatrip,684
Spike 4,gr1070_4,OV,flatrip,656
Spike 5,gr1070_4,OV,flatrip,684
Spike 6,gr1070_4,OV,flatrip,696
Spike 7,gr1070_4,OV,flatrip,610
Spike 8,gr1070_4,OV,flatrip,698
Spike 9,gr1070_4,OV,flatrip,720
Spike 10,gr1070_4,OV,flatrip,680
Spike 1,blahp4108_5,OV,conspecific,502
Spike 2,blahp4108_5,OV,conspecific,487
Spike 3,blahp4108_5,OV,conspecific,470
Spike 4,blahp4108_5,OV,conspecific,587
Spike 5,blahp4108_5,OV,conspecific,467
Spike 6,blahp4108_5,OV,conspecific,652
Spike 7,blahp4108_5,OV,conspecific,604
Spike 8,blahp4108_5,OV,conspecific,669
Spike 9,blahp4108_5,OV,conspecific,492
Spike 10,blahp4108_5,OV,conspecific,515
Spike 11,blahp4108_5,OV,conspecific,657
Spike 12,blahp4108_5,OV,conspecific,514
Spike 13,blahp4108_5,OV,conspecific,555
Spike 14,blahp4108_5,OV,conspecific,494
Spike 15,blahp4108_5,OV,conspecific,532
Spike 16,blahp4108_5,OV,conspecific,509
Spike 17,blahp4108_5,OV,conspecific,460
Spike 18,blahp4108_5,OV,conspecific,631
Spike 19,blahp4108_5,OV,conspecific,510
Spike 20,blahp4108_5,OV,conspecific,546
Spike 1,blahp4108_5,OV,flatrip,721
Spike 2,blahp4108_5,OV,flatrip,728
Spike 3,blahp4108_5,OV,flatrip,692
Spike 4,blahp4108_5,OV,flatrip,616
Spike 5,blahp4108_5,OV,flatrip,684
Spike 6,blahp4108_5,OV,flatrip,614
Spike 7,blahp4108_5,OV,flatrip,622
Spike 8,blahp4108_5,OV,flatrip,707
Spike 9,blahp4108_5,OV,flatrip,679
Spike 10,blahp4108_5,OV,flatrip,619
Spike 1,blahp4108_4,OV,conspecific,819
Spike 2,blahp4108_4,OV,conspecific,765
Spike 3,blahp4108_4,OV,conspecific,780
Spike 4,blahp4108_4,OV,conspecific,858
Spike 5,blahp4108_4,OV,conspecific,745
Spike 6,blahp4108_4,OV,conspecific,957
Spike 7,blahp4108_4,OV,conspecific,982
Spike 8,blahp4108_4,OV,conspecific,952
Spike 9,blahp4108_4,OV,conspecific,800
Spike 10,blahp4108_4,OV,conspecific,754
Spike 11,blahp4108_4,OV,conspecific,948
Spike 12,blahp4108_4,OV,conspecific,756
Spike 13,blahp4108_4,OV,conspecific,947
Spike 14,blahp4108_4,OV,conspecific,713
Spike 15,blahp4108_4,OV,conspecific,858
Spike 16,blahp4108_4,OV,conspecific,779
Spike 17,blahp4108_4,OV,conspecific,762
Spike 18,blahp4108_4,OV,conspecific,937
Spike 19,blahp4108_4,OV,conspecific,942
Spike 20,blahp4108_4,OV,conspecific,881
Spike 1,blahp4108_4,OV,flatrip,940
Spike 2,blahp4108_4,OV,flatrip,984
Spike 3,blahp4108_4,OV,flatrip,893
Spike 4,blahp4108_4,OV,flatrip,885
Spike 5,blahp4108_4,OV,flatrip,971
Spike 6,blahp4108_4,OV,flatrip,767
Spike 7,blahp4108_4,OV,flatrip,797
Spike 8,blahp4108_4,OV,flatrip,934
Spike 9,blahp4108_4,OV,flatrip,887
Spike 10,blahp4108_4,OV,flatrip,844
Spike 1,glb5202_9,OV,conspecific,693
Spike 2,glb5202_9,OV,conspecific,619
Spike 3,glb5202_9,OV,conspecific,655
Spike 4,glb5202_9,OV,conspecific,703
Spike 5,glb5202_9,OV,conspecific,604
Spike 6,glb5202_9,OV,conspecific,927
Spike 7,glb5202_9,OV,conspecific,986
Spike 8,glb5202_9,OV,conspecific,885
Spike 9,glb5202_9,OV,conspecific,867
Spike 10,glb5202_9,OV,conspecific,731
Spike 11,glb5202_9,OV,conspecific,934
Spike 12,glb5202_9,OV,conspecific,630
Spike 13,glb5202_9,OV,conspecific,790
Spike 14,glb5202_9,OV,conspecific,655
Spike 15,glb5202_9,OV,conspecific,827
Spike 16,glb5202_9,OV,conspecific,712
Spike 17,glb5202_9,OV,conspecific,706
Spike 18,glb5202_9,OV,conspecific,937
Spike 19,glb5202_9,OV,conspecific,834
Spike 20,glb5202_9,OV,conspecific,747
Spike 1,glb5202_9,OV,flatrip,689
Spike 2,glb5202_9,OV,flatrip,613
Spike 3,glb5202_9,OV,flatrip,618
Spike 4,glb5202_9,OV,flatrip,639
Spike 5,glb5202_9,OV,flatrip,665
Spike 6,glb5202_9,OV,flatrip,557
Spike 7,glb5202_9,OV,flatrip,597
Spike 8,glb5202_9,OV,flatrip,613
Spike 9,glb5202_9,OV,flatrip,588
Spike 10,glb5202_9,OV,flatrip,523
Spike 1,glb5202_7,OV,conspecific,334
Spike 2,glb5202_7,OV,conspecific,320
Spike 3,glb5202_7,OV,conspecific,304
Spike 4,glb5202_7,OV,conspecific,355
Spike 5,glb5202_7,OV,conspecific,302
Spike 6,glb5202_7,OV,conspecific,411
Spike 7,glb5202_7,OV,conspecific,498
Spike 8,glb5202_7,OV,conspecific,470
Spike 9,glb5202_7,OV,conspecific,385
Spike 10,glb5202_7,OV,conspecific,381
Spike 11,glb5202_7,OV,conspecific,448
Spike 12,glb5202_7,OV,conspecific,344
Spike 13,glb5202_7,OV,conspecific,377
Spike 14,glb5202_7,OV,conspecific,256
Spike 15,glb5202_7,OV,conspecific,411
Spike 16,glb5202_7,OV,conspecific,363
Spike 17,glb5202_7,OV,conspecific,326
Spike 18,glb5202_7,OV,conspecific,428
Spike 19,glb5202_7,OV,conspecific,365
Spike 20,glb5202_7,OV,conspecific,307
Spike 1,glb5202_7,OV,flatrip,244
Spike 2,glb5202_7,OV,flatrip,230
Spike 3,glb5202_7,OV,flatrip,236
Spike 4,glb5202_7,OV,flatrip,233
Spike 5,glb5202_7,OV,flatrip,256
Spike 6,glb5202_7,OV,flatrip,228
Spike 7,glb5202_7,OV,flatrip,202
Spike 8,glb5202_7,OV,flatrip,274
Spike 9,glb5202_7,OV,flatrip,203
Spike 10,glb5202_7,OV,flatrip,232
Spike 1,glb5202_5,OV,conspecific,377
Spike 2,glb5202_5,OV,conspecific,317
Spike 3,glb5202_5,OV,conspecific,322
Spike 4,glb5202_5,OV,conspecific,358
Spike 5,glb5202_5,OV,conspecific,284
Spike 6,glb5202_5,OV,conspecific,496
Spike 7,glb5202_5,OV,conspecific,446
Spike 8,glb5202_5,OV,conspecific,461
Spike 9,glb5202_5,OV,conspecific,461
Spike 10,glb5202_5,OV,conspecific,401
Spike 11,glb5202_5,OV,conspecific,498
Spike 12,glb5202_5,OV,conspecific,370
Spike 13,glb5202_5,OV,conspecific,420
Spike 14,glb5202_5,OV,conspecific,346
Spike 15,glb5202_5,OV,conspecific,424
Spike 16,glb5202_5,OV,conspecific,390
Spike 17,glb5202_5,OV,conspecific,333
Spike 18,glb5202_5,OV,conspecific,444
Spike 19,glb5202_5,OV,conspecific,421
Spike 20,glb5202_5,OV,conspecific,411
Spike 1,glb5202_5,OV,flatrip,404
Spike 2,glb5202_5,OV,flatrip,386
Spike 3,glb5202_5,OV,flatrip,377
Spike 4,glb5202_5,OV,flatrip,376
Spike 5,glb5202_5,OV,flatrip,404
Spike 6,glb5202_5,OV,flatrip,339
Spike 7,glb5202_5,OV,flatrip,370
Spike 8,glb5202_5,OV,flatrip,367
Spike 9,glb5202_5,OV,flatrip,339
Spike 10,glb5202_5,OV,flatrip,350
Spike 1,glb5202_6,OV,conspecific,1101
Spike 2,glb5202_6,OV,conspecific,971
Spike 3,glb5202_6,OV,conspecific,1013
Spike 4,glb5202_6,OV,conspecific,1089
Spike 5,glb5202_6,OV,conspecific,956
Spike 6,glb5202_6,OV,conspecific,1514
Spike 7,glb5202_6,OV,conspecific,1563
Spike 8,glb5202_6,OV,conspecific,1518
Spike 9,glb5202_6,OV,conspecific,1344
Spike 10,glb5202_6,OV,conspecific,1123
Spike 11,glb5202_6,OV,conspecific,1506
Spike 12,glb5202_6,OV,conspecific,1015
Spike 13,glb5202_6,OV,conspecific,1216
Spike 14,glb5202_6,OV,conspecific,978
Spike 15,glb5202_6,OV,conspecific,1413
Spike 16,glb5202_6,OV,conspecific,1104
Spike 17,glb5202_6,OV,conspecific,1039
Spike 18,glb5202_6,OV,conspecific,1541
Spike 19,glb5202_6,OV,conspecific,1364
Spike 20,glb5202_6,OV,conspecific,1268
Spike 1,glb5202_6,OV,flatrip,1727
Spike 2,glb5202_6,OV,flatrip,1632
Spike 3,glb5202_6,OV,flatrip,1596
Spike 4,glb5202_6,OV,flatrip,1644
Spike 5,glb5202_6,OV,flatrip,1705
Spike 6,glb5202_6,OV,flatrip,1460
Spike 7,glb5202_6,OV,flatrip,1497
Spike 8,glb5202_6,OV,flatrip,1707
Spike 9,glb5202_6,OV,flatrip,1573
Spike 10,glb5202_6,OV,flatrip,1417
Spike 1,obla17102_2,OV,conspecific,721
Spike 2,obla17102_2,OV,conspecific,622
Spike 3,obla17102_2,OV,conspecific,633
Spike 4,obla17102_2,OV,conspecific,690
Spike 5,obla17102_2,OV,conspecific,601
Spike 6,obla17102_2,OV,conspecific,1141
Spike 7,obla17102_2,OV,conspecific,992
Spike 8,obla17102_2,OV,conspecific,961
Spike 9,obla17102_2,OV,conspecific,863
Spike 10,obla17102_2,OV,conspecific,649
Spike 11,obla17102_2,OV,conspecific,984
Spike 12,obla17102_2,OV,conspecific,680
Spike 13,obla17102_2,OV,conspecific,785
Spike 14,obla17102_2,OV,conspecific,682
Spike 15,obla17102_2,OV,conspecific,886
Spike 16,obla17102_2,OV,conspecific,775
Spike 17,obla17102_2,OV,conspecific,688
Spike 18,obla17102_2,OV,conspecific,960
Spike 19,obla17102_2,OV,conspecific,863
Spike 20,obla17102_2,OV,conspecific,769
Spike 1,obla17102_2,OV,flatrip,1022
Spike 2,obla17102_2,OV,flatrip,939
Spike 3,obla17102_2,OV,flatrip,746
Spike 4,obla17102_2,OV,flatrip,837
Spike 5,obla17102_2,OV,flatrip,878
Spike 6,obla17102_2,OV,flatrip,764
Spike 7,obla17102_2,OV,flatrip,718
Spike 8,obla17102_2,OV,flatrip,864
Spike 9,obla17102_2,OV,flatrip,856
Spike 10,obla17102_2,OV,flatrip,734
Spike 1,obla17102_9,OV,conspecific,202
Spike 2,obla17102_9,OV,conspecific,138
Spike 3,obla17102_9,OV,conspecific,205
Spike 4,obla17102_9,OV,conspecific,138
Spike 5,obla17102_9,OV,conspecific,154
Spike 6,obla17102_9,OV,conspecific,228
Spike 7,obla17102_9,OV,conspecific,208
Spike 8,obla17102_9,OV,conspecific,256
Spike 9,obla17102_9,OV,conspecific,192
Spike 10,obla17102_9,OV,conspecific,153
Spike 11,obla17102_9,OV,conspecific,243
Spike 12,obla17102_9,OV,conspecific,148
Spike 13,obla17102_9,OV,conspecific,212
Spike 14,obla17102_9,OV,conspecific,195
Spike 15,obla17102_9,OV,conspecific,211
Spike 16,obla17102_9,OV,conspecific,166
Spike 17,obla17102_9,OV,conspecific,137
Spike 18,obla17102_9,OV,conspecific,220
Spike 19,obla17102_9,OV,conspecific,222
Spike 20,obla17102_9,OV,conspecific,225
Spike 1,obla17102_9,OV,flatrip,298
Spike 2,obla17102_9,OV,flatrip,280
Spike 3,obla17102_9,OV,flatrip,245
Spike 4,obla17102_9,OV,flatrip,241
Spike 5,obla17102_9,OV,flatrip,258
Spike 6,obla17102_9,OV,flatrip,226
Spike 7,obla17102_9,OV,flatrip,219
Spike 8,obla17102_9,OV,flatrip,282
Spike 9,obla17102_9,OV,flatrip,256
Spike 10,obla17102_9,OV,flatrip,212
Spike 1,obla17102_7,OV,conspecific,608
Spike 2,obla17102_7,OV,conspecific,524
Spike 3,obla17102_7,OV,conspecific,579
Spike 4,obla17102_7,OV,conspecific,630
Spike 5,obla17102_7,OV,conspecific,546
Spike 6,obla17102_7,OV,conspecific,848
Spike 7,obla17102_7,OV,conspecific,898
Spike 8,obla17102_7,OV,conspecific,894
Spike 9,obla17102_7,OV,conspecific,680
Spike 10,obla17102_7,OV,conspecific,671
Spike 11,obla17102_7,OV,conspecific,903
Spike 12,obla17102_7,OV,conspecific,530
Spike 13,obla17102_7,OV,conspecific,649
Spike 14,obla17102_7,OV,conspecific,655
Spike 15,obla17102_7,OV,conspecific,663
Spike 16,obla17102_7,OV,conspecific,586
Spike 17,obla17102_7,OV,conspecific,631
Spike 18,obla17102_7,OV,conspecific,811
Spike 19,obla17102_7,OV,conspecific,736
Spike 20,obla17102_7,OV,conspecific,712
Spike 1,obla17102_7,OV,flatrip,791
Spike 2,obla17102_7,OV,flatrip,836
Spike 3,obla17102_7,OV,flatrip,697
Spike 4,obla17102_7,OV,flatrip,705
Spike 5,obla17102_7,OV,flatrip,760
Spike 6,obla17102_7,OV,flatrip,605
Spike 7,obla17102_7,OV,flatrip,597
Spike 8,obla17102_7,OV,flatrip,769
Spike 9,obla17102_7,OV,flatrip,695
Spike 10,obla17102_7,OV,flatrip,647
Spike 1,obla17102_8,OV,conspecific,371
Spike 2,obla17102_8,OV,conspecific,324
Spike 3,obla17102_8,OV,conspecific,368
Spike 4,obla17102_8,OV,conspecific,346
Spike 5,obla17102_8,OV,conspecific,284
Spike 6,obla17102_8,OV,conspecific,517
Spike 7,obla17102_8,OV,conspecific,534
Spike 8,obla17102_8,OV,conspecific,566
Spike 9,obla17102_8,OV,conspecific,438
Spike 10,obla17102_8,OV,conspecific,364
Spike 11,obla17102_8,OV,conspecific,547
Spike 12,obla17102_8,OV,conspecific,287
Spike 13,obla17102_8,OV,conspecific,435
Spike 14,obla17102_8,OV,conspecific,368
Spike 15,obla17102_8,OV,conspecific,440
Spike 16,obla17102_8,OV,conspecific,387
Spike 17,obla17102_8,OV,conspecific,321
Spike 18,obla17102_8,OV,conspecific,531
Spike 19,obla17102_8,OV,conspecific,407
Spike 20,obla17102_8,OV,conspecific,465
Spike 1,obla17102_8,OV,flatrip,573
Spike 2,obla17102_8,OV,flatrip,528
Spike 3,obla17102_8,OV,flatrip,425
Spike 4,obla17102_8,OV,flatrip,462
Spike 5,obla17102_8,OV,flatrip,440
Spike 6,obla17102_8,OV,flatrip,381
Spike 7,obla17102_8,OV,flatrip,385
Spike 8,obla17102_8,OV,flatrip,454
Spike 9,obla17102_8,OV,flatrip,428
Spike 10,obla17102_8,OV,flatrip,448
Spike 1,obla17102_5,OV,conspecific,271
Spike 2,obla17102_5,OV,conspecific,235
Spike 3,obla17102_5,OV,conspecific,275
Spike 4,obla17102_5,OV,conspecific,257
Spike 5,obla17102_5,OV,conspecific,220
Spike 6,obla17102_5,OV,conspecific,448
Spike 7,obla17102_5,OV,conspecific,383
Spike 8,obla17102_5,OV,conspecific,352
Spike 9,obla17102_5,OV,conspecific,331
Spike 10,obla17102_5,OV,conspecific,261
Spike 11,obla17102_5,OV,conspecific,386
Spike 12,obla17102_5,OV,conspecific,244
Spike 13,obla17102_5,OV,conspecific,323
Spike 14,obla17102_5,OV,conspecific,298
Spike 15,obla17102_5,OV,conspecific,371
Spike 16,obla17102_5,OV,conspecific,341
Spike 17,obla17102_5,OV,conspecific,234
Spike 18,obla17102_5,OV,conspecific,304
Spike 19,obla17102_5,OV,conspecific,346
Spike 20,obla17102_5,OV,conspecific,359
Spike 1,obla17102_5,OV,flatrip,445
Spike 2,obla17102_5,OV,flatrip,421
Spike 3,obla17102_5,OV,flatrip,341
Spike 4,obla17102_5,OV,flatrip,376
Spike 5,obla17102_5,OV,flatrip,452
Spike 6,obla17102_5,OV,flatrip,348
Spike 7,obla17102_5,OV,flatrip,308
Spike 8,obla17102_5,OV,flatrip,412
Spike 9,obla17102_5,OV,flatrip,382
Spike 10,obla17102_5,OV,flatrip,328
Spike 1,obla17102_6,OV,conspecific,271
Spike 2,obla17102_6,OV,conspecific,235
Spike 3,obla17102_6,OV,conspecific,275
Spike 4,obla17102_6,OV,conspecific,257
Spike 5,obla17102_6,OV,conspecific,220
Spike 6,obla17102_6,OV,conspecific,448
Spike 7,obla17102_6,OV,conspecific,383
Spike 8,obla17102_6,OV,conspecific,352
Spike 9,obla17102_6,OV,conspecific,331
Spike 10,obla17102_6,OV,conspecific,261
Spike 11,obla17102_6,OV,conspecific,386
Spike 12,obla17102_6,OV,conspecific,244
Spike 13,obla17102_6,OV,conspecific,323
Spike 14,obla17102_6,OV,conspecific,298
Spike 15,obla17102_6,OV,conspecific,371
Spike 16,obla17102_6,OV,conspecific,341
Spike 17,obla17102_6,OV,conspecific,234
Spike 18,obla17102_6,OV,conspecific,304
Spike 19,obla17102_6,OV,conspecific,346
Spike 20,obla17102_6,OV,conspecific,359
Spike 1,obla17102_6,OV,flatrip,445
Spike 2,obla17102_6,OV,flatrip,421
Spike 3,obla17102_6,OV,flatrip,341
Spike 4,obla17102_6,OV,flatrip,376
Spike 5,obla17102_6,OV,flatrip,452
Spike 6,obla17102_6,OV,flatrip,348
Spike 7,obla17102_6,OV,flatrip,308
Spike 8,obla17102_6,OV,flatrip,412
Spike 9,obla17102_6,OV,flatrip,382
Spike 10,obla17102_6,OV,flatrip,328
Spike 1,obla17102_4,OV,conspecific,590
Spike 2,obla17102_4,OV,conspecific,494
Spike 3,obla17102_4,OV,conspecific,512
Spike 4,obla17102_4,OV,conspecific,568
Spike 5,obla17102_4,OV,conspecific,478
Spike 6,obla17102_4,OV,conspecific,862
Spike 7,obla17102_4,OV,conspecific,751
Spike 8,obla17102_4,OV,conspecific,690
Spike 9,obla17102_4,OV,conspecific,653
Spike 10,obla17102_4,OV,conspecific,556
Spike 11,obla17102_4,OV,conspecific,701
Spike 12,obla17102_4,OV,conspecific,440
Spike 13,obla17102_4,OV,conspecific,690
Spike 14,obla17102_4,OV,conspecific,561
Spike 15,obla17102_4,OV,conspecific,674
Spike 16,obla17102_4,OV,conspecific,648
Spike 17,obla17102_4,OV,conspecific,500
Spike 18,obla17102_4,OV,conspecific,705
Spike 19,obla17102_4,OV,conspecific,637
Spike 20,obla17102_4,OV,conspecific,608
Spike 1,obla17102_4,OV,flatrip,815
Spike 2,obla17102_4,OV,flatrip,800
Spike 3,obla17102_4,OV,flatrip,659
Spike 4,obla17102_4,OV,flatrip,715
Spike 5,obla17102_4,OV,flatrip,762
Spike 6,obla17102_4,OV,flatrip,541
Spike 7,obla17102_4,OV,flatrip,531
Spike 8,obla17102_4,OV,flatrip,709
Spike 9,obla17102_4,OV,flatrip,723
Spike 10,obla17102_4,OV,flatrip,599
Spike 1,blugr1612_2,OV,conspecific,735
Spike 2,blugr1612_2,OV,conspecific,747
Spike 3,blugr1612_2,OV,conspecific,705
Spike 4,blugr1612_2,OV,conspecific,779
Spike 5,blugr1612_2,OV,conspecific,732
Spike 6,blugr1612_2,OV,conspecific,891
Spike 7,blugr1612_2,OV,conspecific,867
Spike 8,blugr1612_2,OV,conspecific,891
Spike 9,blugr1612_2,OV,conspecific,653
Spike 10,blugr1612_2,OV,conspecific,802
Spike 11,blugr1612_2,OV,conspecific,902
Spike 12,blugr1612_2,OV,conspecific,741
Spike 13,blugr1612_2,OV,conspecific,752
Spike 14,blugr1612_2,OV,conspecific,695
Spike 15,blugr1612_2,OV,conspecific,811
Spike 16,blugr1612_2,OV,conspecific,764
Spike 17,blugr1612_2,OV,conspecific,739
Spike 18,blugr1612_2,OV,conspecific,880
Spike 19,blugr1612_2,OV,conspecific,859
Spike 20,blugr1612_2,OV,conspecific,770
Spike 1,blugr1612_2,OV,flatrip,891
Spike 2,blugr1612_2,OV,flatrip,811
Spike 3,blugr1612_2,OV,flatrip,803
Spike 4,blugr1612_2,OV,flatrip,785
Spike 5,blugr1612_2,OV,flatrip,777
Spike 6,blugr1612_2,OV,flatrip,764
Spike 7,blugr1612_2,OV,flatrip,736
Spike 8,blugr1612_2,OV,flatrip,825
Spike 9,blugr1612_2,OV,flatrip,736
Spike 10,blugr1612_2,OV,flatrip,748
Spike 1,blugr1612_3,OV,conspecific,234
Spike 2,blugr1612_3,OV,conspecific,228
Spike 3,blugr1612_3,OV,conspecific,192
Spike 4,blugr1612_3,OV,conspecific,229
Spike 5,blugr1612_3,OV,conspecific,196
Spike 6,blugr1612_3,OV,conspecific,239
Spike 7,blugr1612_3,OV,conspecific,262
Spike 8,blugr1612_3,OV,conspecific,262
Spike 9,blugr1612_3,OV,conspecific,198
Spike 10,blugr1612_3,OV,conspecific,246
Spike 11,blugr1612_3,OV,conspecific,233
Spike 12,blugr1612_3,OV,conspecific,216
Spike 13,blugr1612_3,OV,conspecific,228
Spike 14,blugr1612_3,OV,conspecific,174
Spike 15,blugr1612_3,OV,conspecific,233
Spike 16,blugr1612_3,OV,conspecific,218
Spike 17,blugr1612_3,OV,conspecific,198
Spike 18,blugr1612_3,OV,conspecific,278
Spike 19,blugr1612_3,OV,conspecific,241
Spike 20,blugr1612_3,OV,conspecific,237
Spike 1,blugr1612_3,OV,flatrip,216
Spike 2,blugr1612_3,OV,flatrip,223
Spike 3,blugr1612_3,OV,flatrip,226
Spike 4,blugr1612_3,OV,flatrip,202
Spike 5,blugr1612_3,OV,flatrip,186
Spike 6,blugr1612_3,OV,flatrip,203
Spike 7,blugr1612_3,OV,flatrip,209
Spike 8,blugr1612_3,OV,flatrip,222
Spike 9,blugr1612_3,OV,flatrip,200
Spike 10,blugr1612_3,OV,flatrip,198
Spike 1,blugr1612_5,OV,conspecific,127
Spike 2,blugr1612_5,OV,conspecific,127
Spike 3,blugr1612_5,OV,conspecific,123
Spike 4,blugr1612_5,OV,conspecific,127
Spike 5,blugr1612_5,OV,conspecific,134
Spike 6,blugr1612_5,OV,conspecific,146
Spike 7,blugr1612_5,OV,conspecific,178
Spike 8,blugr1612_5,OV,conspecific,152
Spike 9,blugr1612_5,OV,conspecific,136
Spike 10,blugr1612_5,OV,conspecific,137
Spike 11,blugr1612_5,OV,conspecific,158
Spike 12,blugr1612_5,OV,conspecific,186
Spike 13,blugr1612_5,OV,conspecific,155
Spike 14,blugr1612_5,OV,conspecific,177
Spike 15,blugr1612_5,OV,conspecific,144
Spike 16,blugr1612_5,OV,conspecific,161
Spike 17,blugr1612_5,OV,conspecific,151
Spike 18,blugr1612_5,OV,conspecific,143
Spike 19,blugr1612_5,OV,conspecific,153
Spike 20,blugr1612_5,OV,conspecific,160
Spike 1,blugr1612_5,OV,flatrip,180
Spike 2,blugr1612_5,OV,flatrip,156
Spike 3,blugr1612_5,OV,flatrip,146
Spike 4,blugr1612_5,OV,flatrip,149
Spike 5,blugr1612_5,OV,flatrip,187
Spike 6,blugr1612_5,OV,flatrip,155
Spike 7,blugr1612_5,OV,flatrip,153
Spike 8,blugr1612_5,OV,flatrip,149
Spike 9,blugr1612_5,OV,flatrip,166
Spike 10,blugr1612_5,OV,flatrip,156
Spike 1,blugr1612_4,OV,conspecific,247
Spike 2,blugr1612_4,OV,conspecific,256
Spike 3,blugr1612_4,OV,conspecific,235
Spike 4,blugr1612_4,OV,conspecific,239
Spike 5,blugr1612_4,OV,conspecific,235
Spike 6,blugr1612_4,OV,conspecific,282
Spike 7,blugr1612_4,OV,conspecific,260
Spike 8,blugr1612_4,OV,conspecific,300
Spike 9,blugr1612_4,OV,conspecific,226
Spike 10,blugr1612_4,OV,conspecific,281
Spike 11,blugr1612_4,OV,conspecific,273
Spike 12,blugr1612_4,OV,conspecific,232
Spike 13,blugr1612_4,OV,conspecific,232
Spike 14,blugr1612_4,OV,conspecific,213
Spike 15,blugr1612_4,OV,conspecific,259
Spike 16,blugr1612_4,OV,conspecific,252
Spike 17,blugr1612_4,OV,conspecific,260
Spike 18,blugr1612_4,OV,conspecific,276
Spike 19,blugr1612_4,OV,conspecific,263
Spike 20,blugr1612_4,OV,conspecific,246
Spike 1,blugr1612_4,OV,flatrip,280
Spike 2,blugr1612_4,OV,flatrip,301
Spike 3,blugr1612_4,OV,flatrip,268
Spike 4,blugr1612_4,OV,flatrip,272
Spike 5,blugr1612_4,OV,flatrip,307
Spike 6,blugr1612_4,OV,flatrip,279
Spike 7,blugr1612_4,OV,flatrip,263
Spike 8,blugr1612_4,OV,flatrip,277
Spike 9,blugr1612_4,OV,flatrip,266
Spike 10,blugr1612_4,OV,flatrip,259
Spike 1,gr0965_2,OV,conspecific,479
Spike 2,gr0965_2,OV,conspecific,365
Spike 3,gr0965_2,OV,conspecific,399
Spike 4,gr0965_2,OV,conspecific,472
Spike 5,gr0965_2,OV,conspecific,416
Spike 6,gr0965_2,OV,conspecific,621
Spike 7,gr0965_2,OV,conspecific,627
Spike 8,gr0965_2,OV,conspecific,628
Spike 9,gr0965_2,OV,conspecific,613
Spike 10,gr0965_2,OV,conspecific,478
Spike 11,gr0965_2,OV,conspecific,595
Spike 12,gr0965_2,OV,conspecific,368
Spike 13,gr0965_2,OV,conspecific,541
Spike 14,gr0965_2,OV,conspecific,448
Spike 15,gr0965_2,OV,conspecific,532
Spike 16,gr0965_2,OV,conspecific,444
Spike 17,gr0965_2,OV,conspecific,463
Spike 18,gr0965_2,OV,conspecific,663
Spike 19,gr0965_2,OV,conspecific,576
Spike 20,gr0965_2,OV,conspecific,534
Spike 1,gr0965_2,OV,flatrip,580
Spike 2,gr0965_2,OV,flatrip,577
Spike 3,gr0965_2,OV,flatrip,490
Spike 4,gr0965_2,OV,flatrip,538
Spike 5,gr0965_2,OV,flatrip,523
Spike 6,gr0965_2,OV,flatrip,469
Spike 7,gr0965_2,OV,flatrip,445
Spike 8,gr0965_2,OV,flatrip,555
Spike 9,gr0965_2,OV,flatrip,522
Spike 10,gr0965_2,OV,flatrip,447
Spike 1,gr0965_7,OV,conspecific,509
Spike 2,gr0965_7,OV,conspecific,461
Spike 3,gr0965_7,OV,conspecific,474
Spike 4,gr0965_7,OV,conspecific,533
Spike 5,gr0965_7,OV,conspecific,457
Spike 6,gr0965_7,OV,conspecific,781
Spike 7,gr0965_7,OV,conspecific,723
Spike 8,gr0965_7,OV,conspecific,683
Spike 9,gr0965_7,OV,conspecific,630
Spike 10,gr0965_7,OV,conspecific,564
Spike 11,gr0965_7,OV,conspecific,658
Spike 12,gr0965_7,OV,conspecific,472
Spike 13,gr0965_7,OV,conspecific,636
Spike 14,gr0965_7,OV,conspecific,489
Spike 15,gr0965_7,OV,conspecific,641
Spike 16,gr0965_7,OV,conspecific,514
Spike 17,gr0965_7,OV,conspecific,506
Spike 18,gr0965_7,OV,conspecific,744
Spike 19,gr0965_7,OV,conspecific,622
Spike 20,gr0965_7,OV,conspecific,558
Spike 1,gr0965_7,OV,flatrip,630
Spike 2,gr0965_7,OV,flatrip,613
Spike 3,gr0965_7,OV,flatrip,563
Spike 4,gr0965_7,OV,flatrip,604
Spike 5,gr0965_7,OV,flatrip,594
Spike 6,gr0965_7,OV,flatrip,544
Spike 7,gr0965_7,OV,flatrip,539
Spike 8,gr0965_7,OV,flatrip,632
Spike 9,gr0965_7,OV,flatrip,574
Spike 10,gr0965_7,OV,flatrip,545
Spike 1,gr0965_3,OV,conspecific,780
Spike 2,gr0965_3,OV,conspecific,600
Spike 3,gr0965_3,OV,conspecific,646
Spike 4,gr0965_3,OV,conspecific,632
Spike 5,gr0965_3,OV,conspecific,561
Spike 6,gr0965_3,OV,conspecific,972
Spike 7,gr0965_3,OV,conspecific,952
Spike 8,gr0965_3,OV,conspecific,953
Spike 9,gr0965_3,OV,conspecific,929
Spike 10,gr0965_3,OV,conspecific,726
Spike 11,gr0965_3,OV,conspecific,964
Spike 12,gr0965_3,OV,conspecific,636
Spike 13,gr0965_3,OV,conspecific,677
Spike 14,gr0965_3,OV,conspecific,593
Spike 15,gr0965_3,OV,conspecific,798
Spike 16,gr0965_3,OV,conspecific,598
Spike 17,gr0965_3,OV,conspecific,631
Spike 18,gr0965_3,OV,conspecific,965
Spike 19,gr0965_3,OV,conspecific,842
Spike 20,gr0965_3,OV,conspecific,732
Spike 1,gr0965_3,OV,flatrip,847
Spike 2,gr0965_3,OV,flatrip,791
Spike 3,gr0965_3,OV,flatrip,737
Spike 4,gr0965_3,OV,flatrip,780
Spike 5,gr0965_3,OV,flatrip,835
Spike 6,gr0965_3,OV,flatrip,642
Spike 7,gr0965_3,OV,flatrip,646
Spike 8,gr0965_3,OV,flatrip,795
Spike 9,gr0965_3,OV,flatrip,738
Spike 10,gr0965_3,OV,flatrip,694
Spike 1,gr0965_5,OV,conspecific,187
Spike 2,gr0965_5,OV,conspecific,187
Spike 3,gr0965_5,OV,conspecific,151
Spike 4,gr0965_5,OV,conspecific,146
Spike 5,gr0965_5,OV,conspecific,147
Spike 6,gr0965_5,OV,conspecific,145
Spike 7,gr0965_5,OV,conspecific,226
Spike 8,gr0965_5,OV,conspecific,224
Spike 9,gr0965_5,OV,conspecific,211
Spike 10,gr0965_5,OV,conspecific,175
Spike 11,gr0965_5,OV,conspecific,152
Spike 12,gr0965_5,OV,conspecific,186
Spike 13,gr0965_5,OV,conspecific,151
Spike 14,gr0965_5,OV,conspecific,184
Spike 15,gr0965_5,OV,conspecific,163
Spike 16,gr0965_5,OV,conspecific,221
Spike 17,gr0965_5,OV,conspecific,164
Spike 18,gr0965_5,OV,conspecific,164
Spike 19,gr0965_5,OV,conspecific,209
Spike 20,gr0965_5,OV,conspecific,179
Spike 1,gr0965_5,OV,flatrip,193
Spike 2,gr0965_5,OV,flatrip,218
Spike 3,gr0965_5,OV,flatrip,179
Spike 4,gr0965_5,OV,flatrip,224
Spike 5,gr0965_5,OV,flatrip,197
Spike 6,gr0965_5,OV,flatrip,172
Spike 7,gr0965_5,OV,flatrip,188
Spike 8,gr0965_5,OV,flatrip,227
Spike 9,gr0965_5,OV,flatrip,189
Spike 10,gr0965_5,OV,flatrip,182
Spike 1,gr0965_1,OV,conspecific,684
Spike 2,gr0965_1,OV,conspecific,597
Spike 3,gr0965_1,OV,conspecific,581
Spike 4,gr0965_1,OV,conspecific,700
Spike 5,gr0965_1,OV,conspecific,552
Spike 6,gr0965_1,OV,conspecific,868
Spike 7,gr0965_1,OV,conspecific,920
Spike 8,gr0965_1,OV,conspecific,820
Spike 9,gr0965_1,OV,conspecific,780
Spike 10,gr0965_1,OV,conspecific,661
Spike 11,gr0965_1,OV,conspecific,852
Spike 12,gr0965_1,OV,conspecific,643
Spike 13,gr0965_1,OV,conspecific,777
Spike 14,gr0965_1,OV,conspecific,632
Spike 15,gr0965_1,OV,conspecific,817
Spike 16,gr0965_1,OV,conspecific,617
Spike 17,gr0965_1,OV,conspecific,626
Spike 18,gr0965_1,OV,conspecific,854
Spike 19,gr0965_1,OV,conspecific,756
Spike 20,gr0965_1,OV,conspecific,738
Spike 1,gr0965_1,OV,flatrip,839
Spike 2,gr0965_1,OV,flatrip,881
Spike 3,gr0965_1,OV,flatrip,774
Spike 4,gr0965_1,OV,flatrip,783
Spike 5,gr0965_1,OV,flatrip,785
Spike 6,gr0965_1,OV,flatrip,706
Spike 7,gr0965_1,OV,flatrip,657
Spike 8,gr0965_1,OV,flatrip,880
Spike 9,gr0965_1,OV,flatrip,747
Spike 10,gr0965_1,OV,flatrip,702
Spike 1,gr0965_6,OV,conspecific,252
Spike 2,gr0965_6,OV,conspecific,221
Spike 3,gr0965_6,OV,conspecific,214
Spike 4,gr0965_6,OV,conspecific,291
Spike 5,gr0965_6,OV,conspecific,217
Spike 6,gr0965_6,OV,conspecific,347
Spike 7,gr0965_6,OV,conspecific,355
Spike 8,gr0965_6,OV,conspecific,377
Spike 9,gr0965_6,OV,conspecific,285
Spike 10,gr0965_6,OV,conspecific,266
Spike 11,gr0965_6,OV,conspecific,356
Spike 12,gr0965_6,OV,conspecific,195
Spike 13,gr0965_6,OV,conspecific,316
Spike 14,gr0965_6,OV,conspecific,205
Spike 15,gr0965_6,OV,conspecific,310
Spike 16,gr0965_6,OV,conspecific,277
Spike 17,gr0965_6,OV,conspecific,220
Spike 18,gr0965_6,OV,conspecific,322
Spike 19,gr0965_6,OV,conspecific,298
Spike 20,gr0965_6,OV,conspecific,244
Spike 1,gr0965_6,OV,flatrip,316
Spike 2,gr0965_6,OV,flatrip,319
Spike 3,gr0965_6,OV,flatrip,311
Spike 4,gr0965_6,OV,flatrip,320
Spike 5,gr0965_6,OV,flatrip,300
Spike 6,gr0965_6,OV,flatrip,255
Spike 7,gr0965_6,OV,flatrip,302
Spike 8,gr0965_6,OV,flatrip,309
Spike 9,gr0965_6,OV,flatrip,309
Spike 10,gr0965_6,OV,flatrip,269
Spike 1,gr0965_4,OV,conspecific,367
Spike 2,gr0965_4,OV,conspecific,316
Spike 3,gr0965_4,OV,conspecific,335
Spike 4,gr0965_4,OV,conspecific,315
Spike 5,gr0965_4,OV,conspecific,303
Spike 6,gr0965_4,OV,conspecific,394
Spike 7,gr0965_4,OV,conspecific,413
Spike 8,gr0965_4,OV,conspecific,359
Spike 9,gr0965_4,OV,conspecific,347
Spike 10,gr0965_4,OV,conspecific,338
Spike 11,gr0965_4,OV,conspecific,440
Spike 12,gr0965_4,OV,conspecific,374
Spike 13,gr0965_4,OV,conspecific,396
Spike 14,gr0965_4,OV,conspecific,301
Spike 15,gr0965_4,OV,conspecific,388
Spike 16,gr0965_4,OV,conspecific,345
Spike 17,gr0965_4,OV,conspecific,340
Spike 18,gr0965_4,OV,conspecific,415
Spike 19,gr0965_4,OV,conspecific,356
Spike 20,gr0965_4,OV,conspecific,329
Spike 1,gr0965_4,OV,flatrip,349
Spike 2,gr0965_4,OV,flatrip,402
Spike 3,gr0965_4,OV,flatrip,338
Spike 4,gr0965_4,OV,flatrip,376
Spike 5,gr0965_4,OV,flatrip,362
Spike 6,gr0965_4,OV,flatrip,324
Spike 7,gr0965_4,OV,flatrip,336
Spike 8,gr0965_4,OV,flatrip,366
Spike 9,gr0965_4,OV,flatrip,385
Spike 10,gr0965_4,OV,flatrip,347
Spike 1,obla17102_10,OV,conspecific,220
Spike 2,obla17102_10,OV,conspecific,212
Spike 3,obla17102_10,OV,conspecific,228
Spike 4,obla17102_10,OV,conspecific,212
Spike 5,obla17102_10,OV,conspecific,196
Spike 6,obla17102_10,OV,conspecific,253
Spike 7,obla17102_10,OV,conspecific,282
Spike 8,obla17102_10,OV,conspecific,284
Spike 9,obla17102_10,OV,conspecific,238
Spike 10,obla17102_10,OV,conspecific,211
Spike 11,obla17102_10,OV,conspecific,277
Spike 12,obla17102_10,OV,conspecific,212
Spike 13,obla17102_10,OV,conspecific,258
Spike 14,obla17102_10,OV,conspecific,220
Spike 15,obla17102_10,OV,conspecific,277
Spike 16,obla17102_10,OV,conspecific,266
Spike 17,obla17102_10,OV,conspecific,202
Spike 18,obla17102_10,OV,conspecific,270
Spike 19,obla17102_10,OV,conspecific,268
Spike 20,obla17102_10,OV,conspecific,226
Spike 1,obla17102_10,OV,flatrip,289
Spike 2,obla17102_10,OV,flatrip,251
Spike 3,obla17102_10,OV,flatrip,259
Spike 4,obla17102_10,OV,flatrip,273
Spike 5,obla17102_10,OV,flatrip,255
Spike 6,obla17102_10,OV,flatrip,237
Spike 7,obla17102_10,OV,flatrip,254
Spike 8,obla17102_10,OV,flatrip,270
Spike 9,obla17102_10,OV,flatrip,257
Spike 10,obla17102_10,OV,flatrip,235